{
  "hash": "a2507782",
  "configHash": "12dc9065",
  "lockfileHash": "260b2042",
  "browserHash": "05c74652",
  "optimized": {
    "@angular/core": {
      "src": "../../../../../node_modules/@angular/core/fesm2022/core.mjs",
      "file": "@angular_core.js",
      "fileHash": "273c8f53",
      "needsInterop": false
    },
    "@angular/platform-browser": {
      "src": "../../../../../node_modules/@angular/platform-browser/fesm2022/platform-browser.mjs",
      "file": "@angular_platform-browser.js",
      "fileHash": "2c8c741a",
      "needsInterop": false
    },
    "@angular/platform-browser/animations/async": {
      "src": "../../../../../node_modules/@angular/platform-browser/fesm2022/animations/async.mjs",
      "file": "@angular_platform-browser_animations_async.js",
      "fileHash": "0842e5fc",
      "needsInterop": false
    },
    "@angular/router": {
      "src": "../../../../../node_modules/@angular/router/fesm2022/router.mjs",
      "file": "@angular_router.js",
      "fileHash": "540c0e3f",
      "needsInterop": false
    },
    "@angular/common": {
      "src": "../../../../../node_modules/@angular/common/fesm2022/common.mjs",
      "file": "@angular_common.js",
      "fileHash": "df95c3fd",
      "needsInterop": false
    },
    "@angular/material/toolbar": {
      "src": "../../../../../node_modules/@angular/material/fesm2022/toolbar.mjs",
      "file": "@angular_material_toolbar.js",
      "fileHash": "1f69d975",
      "needsInterop": false
    },
    "@angular/material/icon": {
      "src": "../../../../../node_modules/@angular/material/fesm2022/icon.mjs",
      "file": "@angular_material_icon.js",
      "fileHash": "d2991872",
      "needsInterop": false
    },
    "@angular/common/http": {
      "src": "../../../../../node_modules/@angular/common/fesm2022/http.mjs",
      "file": "@angular_common_http.js",
      "fileHash": "0e316da6",
      "needsInterop": false
    },
    "@angular/material/table": {
      "src": "../../../../../node_modules/@angular/material/fesm2022/table.mjs",
      "file": "@angular_material_table.js",
      "fileHash": "236e5deb",
      "needsInterop": false
    },
    "tslib": {
      "src": "../../../../../node_modules/tslib/tslib.es6.mjs",
      "file": "tslib.js",
      "fileHash": "147b7b5d",
      "needsInterop": false
    },
    "@angular/material/button": {
      "src": "../../../../../node_modules/@angular/material/fesm2022/button.mjs",
      "file": "@angular_material_button.js",
      "fileHash": "8e40a902",
      "needsInterop": false
    },
    "@angular/material/input": {
      "src": "../../../../../node_modules/@angular/material/fesm2022/input.mjs",
      "file": "@angular_material_input.js",
      "fileHash": "45bbc367",
      "needsInterop": false
    },
    "@angular/material/form-field": {
      "src": "../../../../../node_modules/@angular/material/fesm2022/form-field.mjs",
      "file": "@angular_material_form-field.js",
      "fileHash": "665ee7a4",
      "needsInterop": false
    },
    "@angular/forms": {
      "src": "../../../../../node_modules/@angular/forms/fesm2022/forms.mjs",
      "file": "@angular_forms.js",
      "fileHash": "0154be7d",
      "needsInterop": false
    },
    "ngx-toastr": {
      "src": "../../../../../node_modules/ngx-toastr/fesm2022/ngx-toastr.mjs",
      "file": "ngx-toastr.js",
      "fileHash": "954c6fff",
      "needsInterop": false
    }
  },
  "chunks": {
    "chunk-NYR7BGNS": {
      "file": "chunk-NYR7BGNS.js"
    },
    "chunk-ZPM5E7YZ": {
      "file": "chunk-ZPM5E7YZ.js"
    },
    "browser-YRKS4MER": {
      "file": "browser-YRKS4MER.js"
    },
    "chunk-NS4PIBO4": {
      "file": "chunk-NS4PIBO4.js"
    },
    "chunk-VAWO3DPQ": {
      "file": "chunk-VAWO3DPQ.js"
    },
    "chunk-DPQKGTYI": {
      "file": "chunk-DPQKGTYI.js"
    },
    "chunk-CHLH4ETS": {
      "file": "chunk-CHLH4ETS.js"
    },
    "chunk-6SN5NHUH": {
      "file": "chunk-6SN5NHUH.js"
    },
    "chunk-FY4C6KUD": {
      "file": "chunk-FY4C6KUD.js"
    },
    "chunk-5JEZL4LT": {
      "file": "chunk-5JEZL4LT.js"
    }
  }
}