{
  "hash": "df7c47f5",
  "configHash": "d2dd6490",
  "lockfileHash": "190804c3",
  "browserHash": "7000e088",
  "optimized": {
    "@angular/common": {
      "src": "../../../../../node_modules/@angular/common/fesm2022/common.mjs",
      "file": "@angular_common.js",
      "fileHash": "93b29df2",
      "needsInterop": false
    },
    "@angular/common/http": {
      "src": "../../../../../node_modules/@angular/common/fesm2022/http.mjs",
      "file": "@angular_common_http.js",
      "fileHash": "4caca249",
      "needsInterop": false
    },
    "@angular/core": {
      "src": "../../../../../node_modules/@angular/core/fesm2022/core.mjs",
      "file": "@angular_core.js",
      "fileHash": "8ac0bc06",
      "needsInterop": false
    },
    "@angular/forms": {
      "src": "../../../../../node_modules/@angular/forms/fesm2022/forms.mjs",
      "file": "@angular_forms.js",
      "fileHash": "6155e486",
      "needsInterop": false
    },
    "@angular/platform-browser": {
      "src": "../../../../../node_modules/@angular/platform-browser/fesm2022/platform-browser.mjs",
      "file": "@angular_platform-browser.js",
      "fileHash": "f8bff660",
      "needsInterop": false
    },
    "@angular/platform-browser/animations": {
      "src": "../../../../../node_modules/@angular/platform-browser/fesm2022/animations.mjs",
      "file": "@angular_platform-browser_animations.js",
      "fileHash": "a7de7726",
      "needsInterop": false
    },
    "@angular/router": {
      "src": "../../../../../node_modules/@angular/router/fesm2022/router.mjs",
      "file": "@angular_router.js",
      "fileHash": "2193651d",
      "needsInterop": false
    },
    "ngx-toastr": {
      "src": "../../../../../node_modules/ngx-toastr/fesm2022/ngx-toastr.mjs",
      "file": "ngx-toastr.js",
      "fileHash": "166bd7c1",
      "needsInterop": false
    }
  },
  "chunks": {
    "chunk-7NXVD4VR": {
      "file": "chunk-7NXVD4VR.js"
    },
    "chunk-J27E2YR3": {
      "file": "chunk-J27E2YR3.js"
    },
    "chunk-N7OLQCDJ": {
      "file": "chunk-N7OLQCDJ.js"
    },
    "chunk-MHFZ3VIA": {
      "file": "chunk-MHFZ3VIA.js"
    },
    "chunk-TMUGLGNE": {
      "file": "chunk-TMUGLGNE.js"
    }
  }
}