{
  "User": [
    {
      "id": "d528",
      "firstName": "Atharva",
      "lastName": "Thakkar",
      "email": "atharvathakkar472002@gmail.com",
      "username": "atharva04",
      "password": "12345678",
      "confirmPassword": "12345678"
    },
    {
      "id": "6e27",
      "firstName": "ved",
      "lastName": "kat",
      "email": "ved@atharva.com",
      "username": "ved12",
      "password": "11111111",
      "confirmPassword": "11111111"
    }
  ],
  "Post": [
    {
      "id": "8312",
      "title": "Hello Chaitanya",
      "body": "How are you?\n"
    }
  ]
}