{
  "hash": "e1657877",
  "configHash": "854da95a",
  "lockfileHash": "c9393487",
  "browserHash": "c5ccb121",
  "optimized": {
    "@angular/common": {
      "src": "../../../../../node_modules/@angular/common/fesm2022/common.mjs",
      "file": "@angular_common.js",
      "fileHash": "5c6cae11",
      "needsInterop": false
    },
    "@angular/common/http": {
      "src": "../../../../../node_modules/@angular/common/fesm2022/http.mjs",
      "file": "@angular_common_http.js",
      "fileHash": "f59a318f",
      "needsInterop": false
    },
    "@angular/core": {
      "src": "../../../../../node_modules/@angular/core/fesm2022/core.mjs",
      "file": "@angular_core.js",
      "fileHash": "eee689f7",
      "needsInterop": false
    },
    "@angular/forms": {
      "src": "../../../../../node_modules/@angular/forms/fesm2022/forms.mjs",
      "file": "@angular_forms.js",
      "fileHash": "0b638bec",
      "needsInterop": false
    },
    "@angular/platform-browser": {
      "src": "../../../../../node_modules/@angular/platform-browser/fesm2022/platform-browser.mjs",
      "file": "@angular_platform-browser.js",
      "fileHash": "4eff0bfd",
      "needsInterop": false
    },
    "@angular/platform-browser/animations": {
      "src": "../../../../../node_modules/@angular/platform-browser/fesm2022/animations.mjs",
      "file": "@angular_platform-browser_animations.js",
      "fileHash": "6b09c71f",
      "needsInterop": false
    },
    "@angular/router": {
      "src": "../../../../../node_modules/@angular/router/fesm2022/router.mjs",
      "file": "@angular_router.js",
      "fileHash": "951d6324",
      "needsInterop": false
    },
    "ngx-toastr": {
      "src": "../../../../../node_modules/ngx-toastr/fesm2022/ngx-toastr.mjs",
      "file": "ngx-toastr.js",
      "fileHash": "13e751c7",
      "needsInterop": false
    },
    "bootstrap": {
      "src": "../../../../../node_modules/bootstrap/dist/js/bootstrap.esm.js",
      "file": "bootstrap.js",
      "fileHash": "08750266",
      "needsInterop": false
    },
    "tslib": {
      "src": "../../../../../node_modules/tslib/tslib.es6.mjs",
      "file": "tslib.js",
      "fileHash": "2c30fe14",
      "needsInterop": false
    }
  },
  "chunks": {
    "chunk-MMN7PYCU": {
      "file": "chunk-MMN7PYCU.js"
    },
    "chunk-JM4WPLPL": {
      "file": "chunk-JM4WPLPL.js"
    },
    "chunk-RRHEPQXB": {
      "file": "chunk-RRHEPQXB.js"
    },
    "chunk-HOELTRL7": {
      "file": "chunk-HOELTRL7.js"
    },
    "chunk-FYUMCKTU": {
      "file": "chunk-FYUMCKTU.js"
    },
    "chunk-WINX6U5G": {
      "file": "chunk-WINX6U5G.js"
    },
    "chunk-GLLL6ZVE": {
      "file": "chunk-GLLL6ZVE.js"
    }
  }
}