{
  "hash": "7f8cbf63",
  "configHash": "3e906d27",
  "lockfileHash": "e8dbf3e8",
  "browserHash": "7c531d3f",
  "optimized": {
    "@angular/common": {
      "src": "../../../../../node_modules/@angular/common/fesm2022/common.mjs",
      "file": "@angular_common.js",
      "fileHash": "d80c5fd8",
      "needsInterop": false
    },
    "@angular/core": {
      "src": "../../../../../node_modules/@angular/core/fesm2022/core.mjs",
      "file": "@angular_core.js",
      "fileHash": "e779b3c7",
      "needsInterop": false
    },
    "@angular/forms": {
      "src": "../../../../../node_modules/@angular/forms/fesm2022/forms.mjs",
      "file": "@angular_forms.js",
      "fileHash": "f8993b15",
      "needsInterop": false
    },
    "@angular/platform-browser": {
      "src": "../../../../../node_modules/@angular/platform-browser/fesm2022/platform-browser.mjs",
      "file": "@angular_platform-browser.js",
      "fileHash": "a430501d",
      "needsInterop": false
    },
    "@angular/router": {
      "src": "../../../../../node_modules/@angular/router/fesm2022/router.mjs",
      "file": "@angular_router.js",
      "fileHash": "99aa8609",
      "needsInterop": false
    },
    "@ng-bootstrap/ng-bootstrap": {
      "src": "../../../../../node_modules/@ng-bootstrap/ng-bootstrap/fesm2022/ng-bootstrap.mjs",
      "file": "@ng-bootstrap_ng-bootstrap.js",
      "fileHash": "66525739",
      "needsInterop": false
    }
  },
  "chunks": {
    "chunk-YJVSKHIJ": {
      "file": "chunk-YJVSKHIJ.js"
    },
    "chunk-ECGUW3BN": {
      "file": "chunk-ECGUW3BN.js"
    },
    "chunk-MXZWP2B2": {
      "file": "chunk-MXZWP2B2.js"
    },
    "chunk-EKX2H5YU": {
      "file": "chunk-EKX2H5YU.js"
    }
  }
}